<?xml version="1.0" encoding="utf-8"?>
<edmx:Edmx Version="4.0" xmlns:edmx="http://docs.oasis-open.org/odata/ns/edmx" xmlns="http://docs.oasis-open.org/odata/ns/edm">
    <edmx:Reference Uri="/sap/opu/odata/IWFND/CATALOGSERVICE;v=2/Vocabularies(TechnicalName='%2FIWBEP%2FVOC_COMMUNICATION',Version='0001',SAP__Origin='LOCAL')/$value">
        <edmx:Include Namespace="com.sap.vocabularies.Communication.v1" Alias="Communication"/>
    </edmx:Reference>
    <edmx:Reference Uri="/sap/opu/odata/IWFND/CATALOGSERVICE;v=2/Vocabularies(TechnicalName='%2FIWBEP%2FVOC_PERSONALDATA',Version='0001',SAP__Origin='LOCAL')/$value">
        <edmx:Include Namespace="com.sap.vocabularies.PersonalData.v1" Alias="PersonalData"/>
    </edmx:Reference>
    <edmx:Reference Uri="/sap/opu/odata/IWFND/CATALOGSERVICE;v=2/Vocabularies(TechnicalName='%2FIWBEP%2FVOC_ANALYTICS',Version='0001',SAP__Origin='LOCAL')/$value">
        <edmx:Include Namespace="com.sap.vocabularies.Analytics.v1" Alias="Analytics"/>
    </edmx:Reference>
    <edmx:Reference Uri="/sap/opu/odata/IWFND/CATALOGSERVICE;v=2/Vocabularies(TechnicalName='%2FIWBEP%2FVOC_COMMON',Version='0001',SAP__Origin='LOCAL')/$value">
        <edmx:Include Namespace="com.sap.vocabularies.Common.v1" Alias="SAP__common"/>
    </edmx:Reference>
    <edmx:Reference Uri="/sap/opu/odata/IWFND/CATALOGSERVICE;v=2/Vocabularies(TechnicalName='%2FIWBEP%2FVOC_MEASURES',Version='0001',SAP__Origin='LOCAL')/$value">
        <edmx:Include Namespace="Org.OData.Measures.V1" Alias="SAP__measures"/>
    </edmx:Reference>
    <edmx:Reference Uri="/sap/opu/odata/IWFND/CATALOGSERVICE;v=2/Vocabularies(TechnicalName='%2FIWBEP%2FVOC_CORE',Version='0001',SAP__Origin='LOCAL')/$value">
        <edmx:Include Namespace="Org.OData.Core.V1" Alias="SAP__core"/>
    </edmx:Reference>
    <edmx:Reference Uri="/sap/opu/odata/IWFND/CATALOGSERVICE;v=2/Vocabularies(TechnicalName='%2FIWBEP%2FVOC_CAPABILITIES',Version='0001',SAP__Origin='LOCAL')/$value">
        <edmx:Include Namespace="Org.OData.Capabilities.V1" Alias="SAP__capabilities"/>
    </edmx:Reference>
    <edmx:Reference Uri="/sap/opu/odata/IWFND/CATALOGSERVICE;v=2/Vocabularies(TechnicalName='%2FIWBEP%2FVOC_AGGREGATION',Version='0001',SAP__Origin='LOCAL')/$value">
        <edmx:Include Namespace="Org.OData.Aggregation.V1" Alias="SAP__aggregation"/>
    </edmx:Reference>
    <edmx:Reference Uri="/sap/opu/odata/IWFND/CATALOGSERVICE;v=2/Vocabularies(TechnicalName='%2FIWBEP%2FVOC_VALIDATION',Version='0001',SAP__Origin='LOCAL')/$value">
        <edmx:Include Namespace="Org.OData.Validation.V1" Alias="SAP__validation"/>
    </edmx:Reference>
    <edmx:Reference Uri="/sap/opu/odata/IWFND/CATALOGSERVICE;v=2/Vocabularies(TechnicalName='%2FIWBEP%2FVOC_CODELIST',Version='0001',SAP__Origin='LOCAL')/$value">
        <edmx:Include Namespace="com.sap.vocabularies.CodeList.v1" Alias="SAP__CodeList"/>
    </edmx:Reference>
    <edmx:Reference Uri="/sap/opu/odata/IWFND/CATALOGSERVICE;v=2/Vocabularies(TechnicalName='%2FIWBEP%2FVOC_UI',Version='0001',SAP__Origin='LOCAL')/$value">
        <edmx:Include Namespace="com.sap.vocabularies.UI.v1" Alias="SAP__UI"/>
    </edmx:Reference>
    <edmx:Reference Uri="/sap/opu/odata/IWFND/CATALOGSERVICE;v=2/Vocabularies(TechnicalName='%2FIWBEP%2FVOC_HTML5',Version='0001',SAP__Origin='LOCAL')/$value">
        <edmx:Include Namespace="com.sap.vocabularies.HTML5.v1" Alias="SAP__HTML5"/>
    </edmx:Reference>
    <edmx:Reference Uri="/sap/opu/odata/IWFND/CATALOGSERVICE;v=2/Vocabularies(TechnicalName='%2FIWBEP%2FVOC_PDF',Version='0001',SAP__Origin='LOCAL')/$value">
        <edmx:Include Namespace="com.sap.vocabularies.PDF.v1" Alias="SAP__PDF"/>
    </edmx:Reference>
    <edmx:Reference Uri="/sap/opu/odata/IWFND/CATALOGSERVICE;v=2/Vocabularies(TechnicalName='%2FIWBEP%2FVOC_SESSION',Version='0001',SAP__Origin='LOCAL')/$value">
        <edmx:Include Namespace="com.sap.vocabularies.Session.v1" Alias="SAP__session"/>
    </edmx:Reference>
    <edmx:Reference Uri="/sap/opu/odata/IWFND/CATALOGSERVICE;v=2/Vocabularies(TechnicalName='%2FIWBEP%2FVOC_HIERARCHY',Version='0001',SAP__Origin='LOCAL')/$value">
        <edmx:Include Namespace="com.sap.vocabularies.Hierarchy.v1" Alias="SAP__hierarchy"/>
    </edmx:Reference>
    <edmx:DataServices>
        <Schema Namespace="com.sap.gateway.srvd.zui_dt_inv_h_02_o4.v0001" Alias="SAP__self">
            <Annotation Term="SAP__core.SchemaVersion" String="1.0.0"/>
            <EntityType Name="IssueType">
                <Key>
                    <PropertyRef Name="IssueID"/>
                    <PropertyRef Name="DraftUUID"/>
                    <PropertyRef Name="IsActiveEntity"/>
                </Key>
                <Property Name="IssueID" Type="Edm.String" Nullable="false" MaxLength="10"/>
                <Property Name="Category" Type="Edm.String" Nullable="false" MaxLength="100"/>
                <Property Name="Type" Type="Edm.String" Nullable="false" MaxLength="100"/>
                <Property Name="Tittle" Type="Edm.String" Nullable="false" MaxLength="100"/>
                <Property Name="Description" Type="Edm.String" Nullable="false" MaxLength="1333"/>
                <Property Name="Createdby" Type="Edm.String" Nullable="false" MaxLength="12"/>
                <Property Name="Createdat" Type="Edm.DateTimeOffset" Precision="7"/>
                <Property Name="Attachment" Type="Edm.Stream"/>
                <Property Name="MimeType" Type="Edm.String" Nullable="false" MaxLength="255"/>
                <Property Name="FileName" Type="Edm.String" Nullable="false" MaxLength="255"/>
                <Property Name="Source" Type="Edm.String" Nullable="false" MaxLength="1333"/>
                <Property Name="LocalLastChangedBy" Type="Edm.String" Nullable="false" MaxLength="12"/>
                <Property Name="LocalLastChangedAt" Type="Edm.DateTimeOffset" Precision="7"/>
                <Property Name="Lastchangedat" Type="Edm.DateTimeOffset" Precision="7"/>
                <Property Name="hideField" Type="Edm.Boolean" Nullable="false"/>
                <Property Name="HasDraftEntity" Type="Edm.Boolean" Nullable="false"/>
                <Property Name="DraftUUID" Type="Edm.Guid" Nullable="false"/>
                <Property Name="DraftEntityCreationDateTime" Type="Edm.DateTimeOffset" Precision="7"/>
                <Property Name="DraftEntityLastChangeDateTime" Type="Edm.DateTimeOffset" Precision="7"/>
                <Property Name="HasActiveEntity" Type="Edm.Boolean" Nullable="false"/>
                <Property Name="IsActiveEntity" Type="Edm.Boolean" Nullable="false"/>
                <Property Name="__EntityControl" Type="com.sap.gateway.srvd.zui_dt_inv_h_02_o4.v0001.EntityControl"/>
                <Property Name="__OperationControl" Type="com.sap.gateway.srvd.zui_dt_inv_h_02_o4.v0001.IssueOperationControl"/>
                <Property Name="SAP__Messages" Type="Collection(com.sap.gateway.srvd.zui_dt_inv_h_02_o4.v0001.SAP__Message)" Nullable="false"/>
                <NavigationProperty Name="DraftAdministrativeData" Type="com.sap.gateway.srvd.zui_dt_inv_h_02_o4.v0001.I_DraftAdministrativeDataType"/>
                <NavigationProperty Name="SiblingEntity" Type="com.sap.gateway.srvd.zui_dt_inv_h_02_o4.v0001.IssueType"/>
            </EntityType>
            <EntityType Name="I_DraftAdministrativeDataType">
                <Key>
                    <PropertyRef Name="DraftUUID"/>
                    <PropertyRef Name="DraftEntityType"/>
                </Key>
                <Property Name="DraftUUID" Type="Edm.Guid" Nullable="false"/>
                <Property Name="DraftEntityType" Type="Edm.String" Nullable="false" MaxLength="30"/>
                <Property Name="CreationDateTime" Type="Edm.DateTimeOffset" Precision="7"/>
                <Property Name="CreatedByUser" Type="Edm.String" Nullable="false" MaxLength="12"/>
                <Property Name="LastChangeDateTime" Type="Edm.DateTimeOffset" Precision="7"/>
                <Property Name="LastChangedByUser" Type="Edm.String" Nullable="false" MaxLength="12"/>
                <Property Name="DraftAccessType" Type="Edm.String" Nullable="false" MaxLength="1"/>
                <Property Name="ProcessingStartDateTime" Type="Edm.DateTimeOffset" Precision="7"/>
                <Property Name="InProcessByUser" Type="Edm.String" Nullable="false" MaxLength="12"/>
                <Property Name="DraftIsKeptByUser" Type="Edm.Boolean" Nullable="false"/>
                <Property Name="EnqueueStartDateTime" Type="Edm.DateTimeOffset" Precision="7"/>
                <Property Name="DraftIsCreatedByMe" Type="Edm.Boolean" Nullable="false"/>
                <Property Name="DraftIsLastChangedByMe" Type="Edm.Boolean" Nullable="false"/>
                <Property Name="DraftIsProcessedByMe" Type="Edm.Boolean" Nullable="false"/>
                <Property Name="CreatedByUserDescription" Type="Edm.String" Nullable="false" MaxLength="80"/>
                <Property Name="LastChangedByUserDescription" Type="Edm.String" Nullable="false" MaxLength="80"/>
                <Property Name="InProcessByUserDescription" Type="Edm.String" Nullable="false" MaxLength="80"/>
            </EntityType>
            <ComplexType Name="IssueOperationControl">
                <Property Name="checkPassword" Type="Edm.Boolean" Nullable="false"/>
                <Property Name="Edit" Type="Edm.Boolean" Nullable="false"/>
            </ComplexType>
            <ComplexType Name="EntityControl">
                <Property Name="Deletable" Type="Edm.Boolean" Nullable="false"/>
                <Property Name="Updatable" Type="Edm.Boolean" Nullable="false"/>
            </ComplexType>
            <ComplexType Name="SAP__Message">
                <Property Name="code" Type="Edm.String" Nullable="false"/>
                <Property Name="message" Type="Edm.String" Nullable="false"/>
                <Property Name="target" Type="Edm.String"/>
                <Property Name="additionalTargets" Type="Collection(Edm.String)" Nullable="false"/>
                <Property Name="transition" Type="Edm.Boolean" Nullable="false"/>
                <Property Name="numericSeverity" Type="Edm.Byte" Nullable="false"/>
                <Property Name="longtextUrl" Type="Edm.String"/>
            </ComplexType>
            <Action Name="Activate" EntitySetPath="_it" IsBound="true">
                <Parameter Name="_it" Type="com.sap.gateway.srvd.zui_dt_inv_h_02_o4.v0001.IssueType" Nullable="false"/>
                <ReturnType Type="com.sap.gateway.srvd.zui_dt_inv_h_02_o4.v0001.IssueType" Nullable="false"/>
            </Action>
            <Action Name="Prepare" IsBound="true">
                <Parameter Name="_it" Type="com.sap.gateway.srvd.zui_dt_inv_h_02_o4.v0001.IssueType" Nullable="false"/>
            </Action>
            <Action Name="checkPassword" EntitySetPath="_it" IsBound="true">
                <Parameter Name="_it" Type="com.sap.gateway.srvd.zui_dt_inv_h_02_o4.v0001.IssueType" Nullable="false"/>
                <Parameter Name="Password" Type="Edm.String" Nullable="false" MaxLength="500"/>
                <ReturnType Type="com.sap.gateway.srvd.zui_dt_inv_h_02_o4.v0001.IssueType" Nullable="false"/>
            </Action>
            <Action Name="Edit" EntitySetPath="_it" IsBound="true">
                <Parameter Name="_it" Type="com.sap.gateway.srvd.zui_dt_inv_h_02_o4.v0001.IssueType" Nullable="false"/>
                <Parameter Name="PreserveChanges" Type="Edm.Boolean" Nullable="false"/>
                <ReturnType Type="com.sap.gateway.srvd.zui_dt_inv_h_02_o4.v0001.IssueType" Nullable="false"/>
            </Action>
            <Action Name="Discard" IsBound="true">
                <Parameter Name="_it" Type="com.sap.gateway.srvd.zui_dt_inv_h_02_o4.v0001.IssueType" Nullable="false"/>
            </Action>
            <Action Name="Resume" IsBound="true">
                <Parameter Name="_it" Type="com.sap.gateway.srvd.zui_dt_inv_h_02_o4.v0001.IssueType" Nullable="false"/>
            </Action>
            <EntityContainer Name="Container">
                <EntitySet Name="Issue" EntityType="com.sap.gateway.srvd.zui_dt_inv_h_02_o4.v0001.IssueType">
                    <NavigationPropertyBinding Path="DraftAdministrativeData" Target="I_DraftAdministrativeData"/>
                    <NavigationPropertyBinding Path="SiblingEntity" Target="Issue"/>
                </EntitySet>
                <EntitySet Name="I_DraftAdministrativeData" EntityType="com.sap.gateway.srvd.zui_dt_inv_h_02_o4.v0001.I_DraftAdministrativeDataType"/>
            </EntityContainer>
            <Annotations Target="SAP__self.IssueType/IssueID">
                <Annotation Term="SAP__core.Computed"/>
                <Annotation Term="SAP__common.IsDigitSequence"/>
            </Annotations>
            <Annotations Target="SAP__self.IssueType/Category">
                <Annotation Term="SAP__common.FieldControl" EnumMember="SAP__common.FieldControlType/Mandatory"/>
                <Annotation Term="SAP__common.ValueListReferences">
                    <Collection>
                        <String>../../../../srvd_f4/sap/zr_v_inv_type_02/0001;ps='srvd-zui_dt_inv_h_02_o4-0001';va='com.sap.gateway.srvd.zui_dt_inv_h_02_o4.v0001.et-zc_dt_inv_h_02.category'/$metadata</String>
                    </Collection>
                </Annotation>
                <Annotation Term="SAP__common.ValueListWithFixedValues"/>
            </Annotations>
            <Annotations Target="SAP__self.IssueType/Createdby">
                <Annotation Term="SAP__core.Computed"/>
                <Annotation Term="SAP__common.IsUpperCase"/>
                <Annotation Term="SAP__common.Label" String="Created By"/>
                <Annotation Term="SAP__common.QuickInfo" String="Created By User"/>
            </Annotations>
            <Annotations Target="SAP__self.IssueType/Createdat">
                <Annotation Term="SAP__core.Computed"/>
                <Annotation Term="SAP__common.Label" String="Created On"/>
                <Annotation Term="SAP__common.QuickInfo" String="Creation Date Time"/>
            </Annotations>
            <Annotations Target="SAP__self.IssueType/Attachment">
                <Annotation Term="SAP__core.ContentDisposition">
                    <Record>
                        <PropertyValue Property="Filename" Path="FileName"/>
                    </Record>
                </Annotation>
                <Annotation Term="SAP__core.MediaType" Path="MimeType"/>
                <Annotation Term="SAP__core.AcceptableMediaTypes">
                    <Collection>
                        <String>application/vnd.openxmlformats-officedocument.presentationml.presentation</String>
                        <String>application/vnd.ms-powerpoint</String>
                        <String>application/vnd.openxmlformats-officedocument.spreadsheetml.sheet</String>
                        <String>application/vnd.ms-excel</String>
                        <String>application/vnd.openxmlformats-officedocument.wordprocessingml.document</String>
                        <String>application/msword</String>
                        <String>application/pdf</String>
                        <String>image/jpeg</String>
                        <String>image/png</String>
                        <String>video/ogg</String>
                        <String>video/webm</String>
                        <String>video/mp4</String>
                    </Collection>
                </Annotation>
            </Annotations>
            <Annotations Target="SAP__self.IssueType/MimeType">
                <Annotation Term="SAP__core.IsMediaType"/>
                <Annotation Term="SAP__UI.Hidden"/>
            </Annotations>
            <Annotations Target="SAP__self.IssueType/LocalLastChangedBy">
                <Annotation Term="SAP__core.Computed"/>
                <Annotation Term="SAP__common.IsUpperCase"/>
                <Annotation Term="SAP__common.Label" String="Changed By"/>
                <Annotation Term="SAP__common.QuickInfo" String="Local Instance Last Changed By User"/>
            </Annotations>
            <Annotations Target="SAP__self.IssueType/LocalLastChangedAt">
                <Annotation Term="SAP__core.Computed"/>
                <Annotation Term="SAP__common.Label" String="Changed On"/>
                <Annotation Term="SAP__common.QuickInfo" String="Local Instance Last Change Date Time"/>
            </Annotations>
            <Annotations Target="SAP__self.IssueType/Lastchangedat">
                <Annotation Term="SAP__core.Computed"/>
                <Annotation Term="SAP__UI.Hidden"/>
                <Annotation Term="SAP__common.Label" String="Changed On"/>
                <Annotation Term="SAP__common.QuickInfo" String="Last Change Date Time"/>
            </Annotations>
            <Annotations Target="SAP__self.IssueType/hideField">
                <Annotation Term="SAP__core.Computed"/>
                <Annotation Term="SAP__common.Label" String="Truth Value"/>
                <Annotation Term="SAP__common.QuickInfo" String="Truth Value: True/False"/>
            </Annotations>
            <Annotations Target="SAP__self.IssueType/HasDraftEntity">
                <Annotation Term="SAP__core.Computed"/>
                <Annotation Term="SAP__UI.HiddenFilter"/>
                <Annotation Term="SAP__UI.Hidden"/>
                <Annotation Term="SAP__common.Label" String="Has Draft"/>
                <Annotation Term="SAP__common.QuickInfo" String="Draft - Indicator - Has draft document"/>
            </Annotations>
            <Annotations Target="SAP__self.IssueType/DraftUUID">
                <Annotation Term="SAP__core.Computed"/>
                <Annotation Term="SAP__UI.HiddenFilter"/>
                <Annotation Term="SAP__UI.Hidden"/>
                <Annotation Term="SAP__common.Label" String="Key"/>
                <Annotation Term="SAP__common.QuickInfo" String="UUID serving as key (parent key, root key)"/>
            </Annotations>
            <Annotations Target="SAP__self.IssueType/DraftEntityCreationDateTime">
                <Annotation Term="SAP__core.Computed"/>
                <Annotation Term="SAP__UI.HiddenFilter"/>
                <Annotation Term="SAP__UI.Hidden"/>
                <Annotation Term="SAP__common.Label" String="Draft Created On"/>
            </Annotations>
            <Annotations Target="SAP__self.IssueType/DraftEntityLastChangeDateTime">
                <Annotation Term="SAP__core.Computed"/>
                <Annotation Term="SAP__UI.HiddenFilter"/>
                <Annotation Term="SAP__UI.Hidden"/>
                <Annotation Term="SAP__common.Label" String="Draft Last Changed On"/>
            </Annotations>
            <Annotations Target="SAP__self.IssueType/HasActiveEntity">
                <Annotation Term="SAP__core.Computed"/>
                <Annotation Term="SAP__UI.HiddenFilter"/>
                <Annotation Term="SAP__UI.Hidden"/>
                <Annotation Term="SAP__common.Label" String="Has active"/>
                <Annotation Term="SAP__common.QuickInfo" String="Draft - Indicator - Has active document"/>
            </Annotations>
            <Annotations Target="SAP__self.IssueType/IsActiveEntity">
                <Annotation Term="SAP__core.Computed"/>
                <Annotation Term="SAP__UI.HiddenFilter"/>
                <Annotation Term="SAP__UI.Hidden"/>
                <Annotation Term="SAP__common.Label" String="Is active"/>
                <Annotation Term="SAP__common.QuickInfo" String="Draft - Indicator - Is active document"/>
            </Annotations>
            <Annotations Target="SAP__self.IssueType/__EntityControl">
                <Annotation Term="SAP__core.Computed"/>
                <Annotation Term="SAP__UI.HiddenFilter"/>
                <Annotation Term="SAP__UI.Hidden"/>
            </Annotations>
            <Annotations Target="SAP__self.IssueType/__OperationControl">
                <Annotation Term="SAP__core.Computed"/>
                <Annotation Term="SAP__UI.HiddenFilter"/>
                <Annotation Term="SAP__UI.Hidden"/>
            </Annotations>
            <Annotations Target="SAP__self.Container/Issue">
                <Annotation Term="SAP__common.DraftRoot">
                    <Record>
                        <PropertyValue Property="ActivationAction" String="com.sap.gateway.srvd.zui_dt_inv_h_02_o4.v0001.Activate"/>
                        <PropertyValue Property="PreparationAction" String="com.sap.gateway.srvd.zui_dt_inv_h_02_o4.v0001.Prepare"/>
                        <PropertyValue Property="EditAction" String="com.sap.gateway.srvd.zui_dt_inv_h_02_o4.v0001.Edit"/>
                        <PropertyValue Property="DiscardAction" String="com.sap.gateway.srvd.zui_dt_inv_h_02_o4.v0001.Discard"/>
                    </Record>
                </Annotation>
                <Annotation Term="SAP__capabilities.SearchRestrictions">
                    <Record>
                        <PropertyValue Property="Searchable" Bool="false"/>
                    </Record>
                </Annotation>
                <Annotation Term="SAP__capabilities.FilterRestrictions">
                    <Record>
                        <PropertyValue Property="Filterable" Bool="true"/>
                        <PropertyValue Property="FilterExpressionRestrictions">
                            <Collection>
                                <Record>
                                    <PropertyValue Property="Property" PropertyPath="Description"/>
                                    <PropertyValue Property="AllowedExpressions" String="SearchExpression"/>
                                </Record>
                                <Record>
                                    <PropertyValue Property="Property" PropertyPath="Source"/>
                                    <PropertyValue Property="AllowedExpressions" String="SearchExpression"/>
                                </Record>
                                <Record>
                                    <PropertyValue Property="Property" PropertyPath="DraftEntityCreationDateTime"/>
                                    <PropertyValue Property="AllowedExpressions" String="SingleRange"/>
                                </Record>
                                <Record>
                                    <PropertyValue Property="Property" PropertyPath="DraftEntityLastChangeDateTime"/>
                                    <PropertyValue Property="AllowedExpressions" String="SingleRange"/>
                                </Record>
                            </Collection>
                        </PropertyValue>
                        <PropertyValue Property="NonFilterableProperties">
                            <Collection>
                                <PropertyPath>hideField</PropertyPath>
                                <PropertyPath>__EntityControl</PropertyPath>
                                <PropertyPath>__OperationControl</PropertyPath>
                            </Collection>
                        </PropertyValue>
                    </Record>
                </Annotation>
                <Annotation Term="SAP__capabilities.SortRestrictions">
                    <Record>
                        <PropertyValue Property="NonSortableProperties">
                            <Collection>
                                <PropertyPath>Description</PropertyPath>
                                <PropertyPath>Source</PropertyPath>
                                <PropertyPath>hideField</PropertyPath>
                                <PropertyPath>__EntityControl</PropertyPath>
                                <PropertyPath>__OperationControl</PropertyPath>
                            </Collection>
                        </PropertyValue>
                    </Record>
                </Annotation>
                <Annotation Term="SAP__capabilities.DeleteRestrictions">
                    <Record>
                        <PropertyValue Property="Deletable" Path="__EntityControl/Deletable"/>
                    </Record>
                </Annotation>
                <Annotation Term="SAP__capabilities.UpdateRestrictions">
                    <Record>
                        <PropertyValue Property="Updatable" Path="__EntityControl/Updatable"/>
                        <PropertyValue Property="QueryOptions">
                            <Record>
                                <PropertyValue Property="SelectSupported" Bool="true"/>
                            </Record>
                        </PropertyValue>
                    </Record>
                </Annotation>
                <Annotation Term="SAP__core.OptimisticConcurrency">
                    <Collection/>
                </Annotation>
            </Annotations>
            <Annotations Target="SAP__self.checkPassword(SAP__self.IssueType)/Password">
                <Annotation Term="SAP__common.Label" String="Password"/>
                <Annotation Term="SAP__UI.MultiLineText"/>
            </Annotations>
            <Annotations Target="SAP__self.checkPassword(SAP__self.IssueType)">
                <Annotation Term="SAP__core.OperationAvailable" Path="_it/__OperationControl/checkPassword"/>
            </Annotations>
            <Annotations Target="SAP__self.Edit(SAP__self.IssueType)">
                <Annotation Term="SAP__core.OperationAvailable" Path="_it/__OperationControl/Edit"/>
            </Annotations>
            <Annotations Target="SAP__self.IssueType/Type">
                <Annotation Term="SAP__common.ValueListReferences">
                    <Collection>
                        <String>../../../../srvd_f4/sap/zr_v_inv_ctgry_02/0001;ps='srvd-zui_dt_inv_h_02_o4-0001';va='com.sap.gateway.srvd.zui_dt_inv_h_02_o4.v0001.et-zc_dt_inv_h_02.type'/$metadata</String>
                    </Collection>
                </Annotation>
            </Annotations>
            <Annotations Target="SAP__self.IssueType">
                <Annotation Term="SAP__common.Label" String="Projection View for ZR_DT_INV_H_02"/>
                <Annotation Term="SAP__common.SemanticKey">
                    <Collection>
                        <PropertyPath>IssueID</PropertyPath>
                    </Collection>
                </Annotation>
                <Annotation Term="SAP__UI.Facets">
                    <Collection>
                        <Record Type="SAP__UI.ReferenceFacet">
                            <PropertyValue Property="Label" String="Technical Issue"/>
                            <PropertyValue Property="ID" String="idIdentification"/>
                            <PropertyValue Property="Target" AnnotationPath="@SAP__UI.Identification"/>
                        </Record>
                    </Collection>
                </Annotation>
                <Annotation Term="SAP__UI.HeaderInfo">
                    <Record>
                        <PropertyValue Property="TypeName" String="Soltius - Technical Issue List"/>
                        <PropertyValue Property="TypeNamePlural" String="Soltius - Technical Issues List"/>
                    </Record>
                </Annotation>
                <Annotation Term="SAP__UI.Identification">
                    <Collection>
                        <Record Type="SAP__UI.DataField">
                            <PropertyValue Property="Label" String="Category"/>
                            <PropertyValue Property="Value" Path="Category"/>
                        </Record>
                        <Record Type="SAP__UI.DataField">
                            <PropertyValue Property="Label" String="Type"/>
                            <PropertyValue Property="Value" Path="Type"/>
                        </Record>
                        <Record Type="SAP__UI.DataField">
                            <PropertyValue Property="Label" String="Content Requirement"/>
                            <PropertyValue Property="Value" Path="Description"/>
                        </Record>
                        <Record Type="SAP__UI.DataField">
                            <PropertyValue Property="Label" String="Attachment"/>
                            <PropertyValue Property="Value" Path="Attachment"/>
                        </Record>
                        <Record Type="SAP__UI.DataField">
                            <PropertyValue Property="Label" String="Title"/>
                            <PropertyValue Property="Value" Path="Tittle"/>
                        </Record>
                        <Record Type="SAP__UI.DataFieldWithUrl">
                            <PropertyValue Property="Label" String="Source"/>
                            <PropertyValue Property="Value" Path="Source"/>
                            <PropertyValue Property="Url" Path="Source"/>
                            <Annotation Term="SAP__UI.Importance" EnumMember="SAP__UI.ImportanceType/Medium"/>
                        </Record>
                        <Record Type="SAP__UI.DataField">
                            <PropertyValue Property="Label" String="Created By"/>
                            <PropertyValue Property="Value" Path="Createdby"/>
                        </Record>
                        <Record Type="SAP__UI.DataField">
                            <PropertyValue Property="Label" String="Created At"/>
                            <PropertyValue Property="Value" Path="Createdat"/>
                        </Record>
                        <Record Type="SAP__UI.DataField">
                            <PropertyValue Property="Label" String="Changed By"/>
                            <PropertyValue Property="Value" Path="LocalLastChangedBy"/>
                        </Record>
                        <Record Type="SAP__UI.DataField">
                            <PropertyValue Property="Label" String="Changed At"/>
                            <PropertyValue Property="Value" Path="LocalLastChangedAt"/>
                        </Record>
                        <Record Type="SAP__UI.DataFieldForAction">
                            <PropertyValue Property="Label" String="Unlock attachment"/>
                            <PropertyValue Property="Action" String="com.sap.gateway.srvd.zui_dt_inv_h_02_o4.v0001.checkPassword(com.sap.gateway.srvd.zui_dt_inv_h_02_o4.v0001.IssueType)"/>
                            <PropertyValue Property="InvocationGrouping" EnumMember="SAP__UI.OperationGroupingType/Isolated"/>
                        </Record>
                    </Collection>
                </Annotation>
                <Annotation Term="SAP__UI.LineItem">
                    <Collection>
                        <Record Type="SAP__UI.DataField">
                            <PropertyValue Property="Label" String="Category"/>
                            <PropertyValue Property="Value" Path="Category"/>
                            <Annotation Term="SAP__UI.Importance" EnumMember="SAP__UI.ImportanceType/High"/>
                        </Record>
                        <Record Type="SAP__UI.DataField">
                            <PropertyValue Property="Label" String="Type"/>
                            <PropertyValue Property="Value" Path="Type"/>
                            <Annotation Term="SAP__UI.Importance" EnumMember="SAP__UI.ImportanceType/High"/>
                        </Record>
                        <Record Type="SAP__UI.DataField">
                            <PropertyValue Property="Label" String="Content Requirement"/>
                            <PropertyValue Property="Value" Path="Description"/>
                            <Annotation Term="SAP__UI.Importance" EnumMember="SAP__UI.ImportanceType/High"/>
                        </Record>
                        <Record Type="SAP__UI.DataField">
                            <PropertyValue Property="Label" String="Created By"/>
                            <PropertyValue Property="Value" Path="Createdby"/>
                            <Annotation Term="SAP__UI.Importance" EnumMember="SAP__UI.ImportanceType/Medium"/>
                        </Record>
                        <Record Type="SAP__UI.DataField">
                            <PropertyValue Property="Label" String="Created At"/>
                            <PropertyValue Property="Value" Path="Createdat"/>
                            <Annotation Term="SAP__UI.Importance" EnumMember="SAP__UI.ImportanceType/Medium"/>
                        </Record>
                        <Record Type="SAP__UI.DataField">
                            <PropertyValue Property="Label" String="Changed By"/>
                            <PropertyValue Property="Value" Path="LocalLastChangedBy"/>
                            <Annotation Term="SAP__UI.Importance" EnumMember="SAP__UI.ImportanceType/Medium"/>
                        </Record>
                        <Record Type="SAP__UI.DataField">
                            <PropertyValue Property="Label" String="Changed At"/>
                            <PropertyValue Property="Value" Path="LocalLastChangedAt"/>
                            <Annotation Term="SAP__UI.Importance" EnumMember="SAP__UI.ImportanceType/Medium"/>
                        </Record>
                        <Record Type="SAP__UI.DataFieldForAction">
                            <PropertyValue Property="Label" String="Unlock attachment"/>
                            <PropertyValue Property="Action" String="com.sap.gateway.srvd.zui_dt_inv_h_02_o4.v0001.checkPassword(com.sap.gateway.srvd.zui_dt_inv_h_02_o4.v0001.IssueType)"/>
                            <PropertyValue Property="InvocationGrouping" EnumMember="SAP__UI.OperationGroupingType/Isolated"/>
                        </Record>
                    </Collection>
                </Annotation>
                <Annotation Term="SAP__UI.SelectionFields">
                    <Collection>
                        <PropertyPath>Type</PropertyPath>
                    </Collection>
                </Annotation>
                <Annotation Term="Communication.Contact">
                    <Record/>
                </Annotation>
                <Annotation Term="SAP__common.Messages" Path="SAP__Messages"/>
            </Annotations>
            <Annotations Target="SAP__self.I_DraftAdministrativeDataType/DraftEntityType">
                <Annotation Term="SAP__common.IsUpperCase"/>
                <Annotation Term="SAP__UI.Hidden"/>
                <Annotation Term="SAP__common.Label" String="Draft Entity ID"/>
            </Annotations>
            <Annotations Target="SAP__self.I_DraftAdministrativeDataType/CreatedByUser">
                <Annotation Term="SAP__common.Text" Path="CreatedByUserDescription"/>
                <Annotation Term="SAP__common.IsUpperCase"/>
                <Annotation Term="SAP__common.ValueListReferences">
                    <Collection>
                        <String>../../../../srvd_f4/sap/i_draftadministrativeuservh/0001;ps='srvd-zui_dt_inv_h_02_o4-0001';va='com.sap.gateway.srvd.zui_dt_inv_h_02_o4.v0001.et-i_draftadministrativedata.createdbyuser'/$metadata</String>
                    </Collection>
                </Annotation>
                <Annotation Term="SAP__common.Label" String="Draft Created By"/>
            </Annotations>
            <Annotations Target="SAP__self.I_DraftAdministrativeDataType/LastChangedByUser">
                <Annotation Term="SAP__common.Text" Path="LastChangedByUserDescription"/>
                <Annotation Term="SAP__common.IsUpperCase"/>
                <Annotation Term="SAP__common.ValueListReferences">
                    <Collection>
                        <String>../../../../srvd_f4/sap/i_draftadministrativeuservh/0001;ps='srvd-zui_dt_inv_h_02_o4-0001';va='com.sap.gateway.srvd.zui_dt_inv_h_02_o4.v0001.et-i_draftadministrativedata.lastchangedbyuser'/$metadata</String>
                    </Collection>
                </Annotation>
                <Annotation Term="SAP__common.Label" String="Draft Last Changed By"/>
            </Annotations>
            <Annotations Target="SAP__self.I_DraftAdministrativeDataType/DraftAccessType">
                <Annotation Term="SAP__common.IsUpperCase"/>
                <Annotation Term="SAP__UI.Hidden"/>
                <Annotation Term="SAP__common.Label" String="Draft Access Type"/>
            </Annotations>
            <Annotations Target="SAP__self.I_DraftAdministrativeDataType/InProcessByUser">
                <Annotation Term="SAP__common.Text" Path="InProcessByUserDescription"/>
                <Annotation Term="SAP__common.IsUpperCase"/>
                <Annotation Term="SAP__UI.Hidden"/>
                <Annotation Term="SAP__common.Label" String="Draft In Process By"/>
            </Annotations>
            <Annotations Target="SAP__self.I_DraftAdministrativeDataType">
                <Annotation Term="SAP__common.Label" String="Draft Administration Data"/>
            </Annotations>
            <Annotations Target="SAP__self.Container/I_DraftAdministrativeData">
                <Annotation Term="SAP__capabilities.SearchRestrictions">
                    <Record>
                        <PropertyValue Property="Searchable" Bool="true"/>
                        <PropertyValue Property="UnsupportedExpressions" EnumMember="SAP__capabilities.SearchExpressions/AND SAP__capabilities.SearchExpressions/OR SAP__capabilities.SearchExpressions/NOT SAP__capabilities.SearchExpressions/group SAP__capabilities.SearchExpressions/phrase"/>
                    </Record>
                </Annotation>
                <Annotation Term="SAP__capabilities.FilterRestrictions">
                    <Record>
                        <PropertyValue Property="Filterable" Bool="true"/>
                        <PropertyValue Property="FilterExpressionRestrictions">
                            <Collection>
                                <Record>
                                    <PropertyValue Property="Property" PropertyPath="CreationDateTime"/>
                                    <PropertyValue Property="AllowedExpressions" String="SingleRange"/>
                                </Record>
                                <Record>
                                    <PropertyValue Property="Property" PropertyPath="LastChangeDateTime"/>
                                    <PropertyValue Property="AllowedExpressions" String="SingleRange"/>
                                </Record>
                            </Collection>
                        </PropertyValue>
                    </Record>
                </Annotation>
                <Annotation Term="SAP__capabilities.InsertRestrictions">
                    <Record>
                        <PropertyValue Property="Insertable" Bool="false"/>
                    </Record>
                </Annotation>
                <Annotation Term="SAP__capabilities.DeleteRestrictions">
                    <Record>
                        <PropertyValue Property="Deletable" Bool="false"/>
                    </Record>
                </Annotation>
                <Annotation Term="SAP__capabilities.UpdateRestrictions">
                    <Record>
                        <PropertyValue Property="Updatable" Bool="false"/>
                        <PropertyValue Property="QueryOptions">
                            <Record>
                                <PropertyValue Property="SelectSupported" Bool="true"/>
                            </Record>
                        </PropertyValue>
                    </Record>
                </Annotation>
                <Annotation Term="SAP__core.OptimisticConcurrency">
                    <Collection/>
                </Annotation>
            </Annotations>
            <Annotations Target="SAP__self.Container">
                <Annotation Term="SAP__aggregation.ApplySupported">
                    <Record>
                        <PropertyValue Property="Transformations">
                            <Collection>
                                <String>aggregate</String>
                                <String>groupby</String>
                                <String>filter</String>
                            </Collection>
                        </PropertyValue>
                        <PropertyValue Property="Rollup" EnumMember="SAP__aggregation.RollupType/None"/>
                    </Record>
                </Annotation>
                <Annotation Term="SAP__common.ApplyMultiUnitBehaviorForSortingAndFiltering" Bool="true"/>
                <Annotation Term="SAP__capabilities.FilterFunctions">
                    <Collection>
                        <String>eq</String>
                        <String>ne</String>
                        <String>gt</String>
                        <String>ge</String>
                        <String>lt</String>
                        <String>le</String>
                        <String>and</String>
                        <String>or</String>
                        <String>contains</String>
                        <String>startswith</String>
                        <String>endswith</String>
                        <String>any</String>
                        <String>all</String>
                    </Collection>
                </Annotation>
                <Annotation Term="SAP__capabilities.SupportedFormats">
                    <Collection>
                        <String>application/json</String>
                        <String>application/pdf</String>
                    </Collection>
                </Annotation>
                <Annotation Term="SAP__PDF.Features">
                    <Record>
                        <PropertyValue Property="DocumentDescriptionReference" String="../../../../default/iwbep/common/0001/$metadata"/>
                        <PropertyValue Property="DocumentDescriptionCollection" String="MyDocumentDescriptions"/>
                        <PropertyValue Property="ArchiveFormat" Bool="true"/>
                        <PropertyValue Property="Border" Bool="true"/>
                        <PropertyValue Property="CoverPage" Bool="true"/>
                        <PropertyValue Property="FitToPage" Bool="true"/>
                        <PropertyValue Property="FontName" Bool="true"/>
                        <PropertyValue Property="FontSize" Bool="true"/>
                        <PropertyValue Property="Margin" Bool="true"/>
                        <PropertyValue Property="Padding" Bool="true"/>
                        <PropertyValue Property="Signature" Bool="true"/>
                        <PropertyValue Property="HeaderFooter" Bool="true"/>
                        <PropertyValue Property="ResultSizeDefault" Int="20000"/>
                        <PropertyValue Property="ResultSizeMaximum" Int="20000"/>
                    </Record>
                </Annotation>
                <Annotation Term="SAP__capabilities.KeyAsSegmentSupported"/>
                <Annotation Term="SAP__capabilities.AsynchronousRequestsSupported"/>
            </Annotations>
            <Annotations Target="SAP__self.I_DraftAdministrativeDataType/DraftUUID">
                <Annotation Term="SAP__UI.Hidden"/>
                <Annotation Term="SAP__common.Label" String="Draft (Technical ID)"/>
            </Annotations>
            <Annotations Target="SAP__self.I_DraftAdministrativeDataType/ProcessingStartDateTime">
                <Annotation Term="SAP__UI.Hidden"/>
                <Annotation Term="SAP__common.Label" String="Draft In Process Since"/>
            </Annotations>
            <Annotations Target="SAP__self.I_DraftAdministrativeDataType/DraftIsKeptByUser">
                <Annotation Term="SAP__UI.Hidden"/>
                <Annotation Term="SAP__common.Label" String="Draft Is Kept By User"/>
            </Annotations>
            <Annotations Target="SAP__self.I_DraftAdministrativeDataType/EnqueueStartDateTime">
                <Annotation Term="SAP__UI.Hidden"/>
                <Annotation Term="SAP__common.Label" String="Draft Locked Since"/>
            </Annotations>
            <Annotations Target="SAP__self.I_DraftAdministrativeDataType/DraftIsCreatedByMe">
                <Annotation Term="SAP__UI.Hidden"/>
                <Annotation Term="SAP__common.Label" String="Draft Created By Me"/>
            </Annotations>
            <Annotations Target="SAP__self.I_DraftAdministrativeDataType/DraftIsLastChangedByMe">
                <Annotation Term="SAP__UI.Hidden"/>
                <Annotation Term="SAP__common.Label" String="Draft Last Changed By Me"/>
            </Annotations>
            <Annotations Target="SAP__self.I_DraftAdministrativeDataType/DraftIsProcessedByMe">
                <Annotation Term="SAP__UI.Hidden"/>
                <Annotation Term="SAP__common.Label" String="Draft In Process By Me"/>
            </Annotations>
            <Annotations Target="SAP__self.I_DraftAdministrativeDataType/CreatedByUserDescription">
                <Annotation Term="SAP__UI.Hidden"/>
                <Annotation Term="SAP__common.Label" String="Draft Created By (Description)"/>
            </Annotations>
            <Annotations Target="SAP__self.I_DraftAdministrativeDataType/LastChangedByUserDescription">
                <Annotation Term="SAP__UI.Hidden"/>
                <Annotation Term="SAP__common.Label" String="Draft Last Changed By (Description)"/>
            </Annotations>
            <Annotations Target="SAP__self.I_DraftAdministrativeDataType/InProcessByUserDescription">
                <Annotation Term="SAP__UI.Hidden"/>
                <Annotation Term="SAP__common.Label" String="Draft In Process By (Description)"/>
            </Annotations>
            <Annotations Target="SAP__self.IssueType/FileName">
                <Annotation Term="SAP__UI.Hidden"/>
            </Annotations>
            <Annotations Target="SAP__self.IssueType/Description">
                <Annotation Term="SAP__UI.MultiLineText"/>
            </Annotations>
            <Annotations Target="SAP__self.IssueType/__EntityControl/Deletable">
                <Annotation Term="SAP__common.Label" String="Dyn. Method Control"/>
                <Annotation Term="SAP__common.Heading" String="Dynamic Method Control"/>
                <Annotation Term="SAP__common.QuickInfo" String="Dynamic Method Property"/>
            </Annotations>
            <Annotations Target="SAP__self.IssueType/__EntityControl/Updatable">
                <Annotation Term="SAP__common.Label" String="Dyn. Method Control"/>
                <Annotation Term="SAP__common.Heading" String="Dynamic Method Control"/>
                <Annotation Term="SAP__common.QuickInfo" String="Dynamic Method Property"/>
            </Annotations>
            <Annotations Target="SAP__self.IssueType/__OperationControl/checkPassword">
                <Annotation Term="SAP__common.Label" String="Dyn. Action Control"/>
                <Annotation Term="SAP__common.Heading" String="Dynamic Action Control"/>
                <Annotation Term="SAP__common.QuickInfo" String="Dynamic Action Property"/>
            </Annotations>
            <Annotations Target="SAP__self.IssueType/__OperationControl/Edit">
                <Annotation Term="SAP__common.Label" String="Dyn. Action Control"/>
                <Annotation Term="SAP__common.Heading" String="Dynamic Action Control"/>
                <Annotation Term="SAP__common.QuickInfo" String="Dynamic Action Property"/>
            </Annotations>
            <Annotations Target="SAP__self.I_DraftAdministrativeDataType/CreationDateTime">
                <Annotation Term="SAP__common.Label" String="Draft Created On"/>
            </Annotations>
            <Annotations Target="SAP__self.I_DraftAdministrativeDataType/LastChangeDateTime">
                <Annotation Term="SAP__common.Label" String="Draft Last Changed On"/>
            </Annotations>
            <Annotations Target="SAP__self.IssueOperationControl/checkPassword">
                <Annotation Term="SAP__common.Label" String="Dyn. Action Control"/>
                <Annotation Term="SAP__common.Heading" String="Dynamic Action Control"/>
                <Annotation Term="SAP__common.QuickInfo" String="Dynamic Action Property"/>
            </Annotations>
            <Annotations Target="SAP__self.IssueOperationControl/Edit">
                <Annotation Term="SAP__common.Label" String="Dyn. Action Control"/>
                <Annotation Term="SAP__common.Heading" String="Dynamic Action Control"/>
                <Annotation Term="SAP__common.QuickInfo" String="Dynamic Action Property"/>
            </Annotations>
            <Annotations Target="SAP__self.EntityControl/Deletable">
                <Annotation Term="SAP__common.Label" String="Dyn. Method Control"/>
                <Annotation Term="SAP__common.Heading" String="Dynamic Method Control"/>
                <Annotation Term="SAP__common.QuickInfo" String="Dynamic Method Property"/>
            </Annotations>
            <Annotations Target="SAP__self.EntityControl/Updatable">
                <Annotation Term="SAP__common.Label" String="Dyn. Method Control"/>
                <Annotation Term="SAP__common.Heading" String="Dynamic Method Control"/>
                <Annotation Term="SAP__common.QuickInfo" String="Dynamic Method Property"/>
            </Annotations>
            <Annotations Target="SAP__self.Edit(SAP__self.IssueType)/PreserveChanges">
                <Annotation Term="SAP__common.Label" String="TRUE"/>
                <Annotation Term="SAP__common.QuickInfo" String="Data element for domain BOOLE: TRUE (='X') and FALSE (=' ')"/>
            </Annotations>
        </Schema>
    </edmx:DataServices>
</edmx:Edmx>